row_id,poverty_rate
0,22.6
2,17.299999999999997
4,24.4
5,16.400000000000002
8,17.4
9,12.2
10,12.6
11,25.0
12,10.100000000000001
13,26.0
15,17.9
17,31.900000000000002
21,27.400000000000002
22,9.8
23,22.0
25,21.3
27,8.799999999999999
29,16.8
35,13.900000000000002
36,24.5
37,11.3
39,8.7
42,16.2
43,16.3
44,14.2
45,22.900000000000002
46,13.0
47,12.0
49,14.2
51,10.7
52,4.7
55,6.9
56,22.3
58,13.5
61,26.8
64,28.499999999999996
66,23.599999999999998
68,8.3
69,20.8
71,15.9
72,13.4
73,22.7
74,18.0
76,18.4
78,21.6
79,10.2
82,8.0
86,20.5
87,13.900000000000002
89,10.9
90,11.600000000000001
91,10.2
92,17.0
93,6.6000000000000005
97,19.7
99,18.0
100,30.099999999999998
101,17.4
105,17.5
106,12.3
107,28.999999999999996
111,24.3
112,13.900000000000002
114,11.200000000000001
115,12.6
117,18.9
118,25.0
121,17.5
124,12.6
127,19.0
129,11.1
131,12.0
132,10.9
137,14.7
138,15.6
139,13.5
144,11.0
145,11.700000000000001
146,17.1
147,19.3
148,22.5
149,19.2
150,20.1
152,15.5
155,14.799999999999999
156,19.8
157,16.8
159,10.8
160,12.1
161,15.8
162,3.5999999999999996
163,9.2
164,9.9
166,20.0
167,31.1
169,31.8
171,11.700000000000001
172,16.7
173,24.9
174,17.5
176,13.600000000000001
177,19.8
180,16.3
182,9.700000000000001
186,15.6
187,13.0
188,11.3
189,17.2
191,11.1
198,9.0
200,10.6
201,13.600000000000001
202,17.7
205,10.6
206,10.9
207,9.0
208,2.5
210,15.2
211,17.1
212,18.5
215,9.700000000000001
216,10.6
218,11.200000000000001
219,12.6
224,18.7
225,20.1
226,29.2
229,24.2
231,23.7
232,14.399999999999999
233,11.4
235,15.9
236,17.599999999999998
237,24.4
238,12.0
240,11.1
241,11.200000000000001
243,17.0
244,12.3
245,18.6
247,9.6
250,13.200000000000001
251,11.5
252,22.6
254,13.5
256,16.1
258,11.899999999999999
260,11.600000000000001
261,26.3
263,20.8
269,20.0
270,10.2
271,15.7
272,15.5
277,16.8
278,18.0
279,18.2
280,11.0
281,18.6
282,20.8
283,11.0
284,17.1
286,16.1
287,11.5
288,11.5
291,14.399999999999999
293,18.7
294,33.900000000000006
295,13.0
296,9.6
298,14.2
299,15.1
301,14.099999999999998
303,9.700000000000001
305,26.3
308,22.2
310,20.4
311,26.6
314,13.3
315,7.8
321,21.6
322,13.8
324,27.400000000000002
325,23.200000000000003
327,9.4
328,10.8
329,15.9
330,24.8
331,15.2
333,22.6
334,9.2
335,17.8
337,14.299999999999999
338,20.8
341,18.0
344,17.599999999999998
345,18.5
347,19.1
348,14.799999999999999
351,17.9
352,11.0
353,16.6
354,18.3
356,13.900000000000002
360,11.3
362,21.4
363,17.9
364,13.900000000000002
366,14.299999999999999
369,12.7
372,27.0
373,19.8
374,6.7
377,32.4
379,13.5
381,18.6
382,25.0
385,18.5
388,24.3
390,20.3
391,13.200000000000001
392,17.5
395,17.299999999999997
396,15.0
397,17.5
398,26.700000000000003
400,19.7
401,15.5
402,9.3
404,16.7
405,14.499999999999998
406,19.1
410,25.2
411,23.9
412,23.0
415,18.6
419,12.3
420,12.3
421,13.100000000000001
425,8.5
429,25.5
432,12.6
435,19.0
438,16.3
440,9.3
443,20.9
445,5.1
446,5.5
447,14.299999999999999
450,15.8
453,14.799999999999999
454,25.3
459,8.9
461,16.5
462,7.7
463,12.0
466,17.599999999999998
467,14.7
468,8.7
473,22.0
474,10.100000000000001
477,17.9
478,23.200000000000003
479,13.0
483,19.5
484,23.799999999999997
486,21.4
487,8.3
488,12.4
489,7.199999999999999
491,14.499999999999998
493,15.6
494,23.799999999999997
498,41.099999999999994
499,18.099999999999998
502,9.8
505,19.1
509,16.1
511,17.4
516,11.799999999999999
517,29.4
518,10.9
520,38.9
521,37.2
525,19.3
526,19.7
531,10.0
533,16.7
535,31.3
536,17.2
538,28.799999999999997
539,8.799999999999999
540,34.2
546,21.3
548,16.0
553,23.599999999999998
554,19.3
557,18.5
559,7.6
563,15.9
565,15.7
568,28.499999999999996
569,17.7
570,17.1
572,19.6
573,19.900000000000002
576,8.4
579,7.000000000000001
580,25.2
584,12.0
587,12.6
592,8.200000000000001
593,15.6
594,11.700000000000001
595,23.400000000000002
596,10.7
597,12.8
598,23.799999999999997
599,9.700000000000001
601,16.5
602,14.6
604,11.700000000000001
607,11.600000000000001
608,10.299999999999999
612,15.5
618,14.7
621,18.0
629,18.9
631,20.5
634,14.2
635,7.8
637,22.0
639,23.1
640,21.9
642,15.299999999999999
643,36.199999999999996
644,14.299999999999999
646,11.899999999999999
647,9.0
652,12.2
656,21.099999999999998
657,23.0
661,13.200000000000001
662,8.4
663,9.8
667,17.4
669,19.5
676,9.3
677,20.3
681,8.5
682,26.3
683,22.5
686,9.6
688,13.200000000000001
694,9.700000000000001
695,22.5
696,7.5
698,11.4
701,13.5
703,5.8999999999999995
707,26.8
708,17.7
709,20.0
710,16.2
712,12.3
713,29.099999999999998
714,10.7
715,11.899999999999999
716,13.700000000000001
719,22.2
720,11.4
721,17.9
723,19.1
726,10.299999999999999
727,18.9
731,13.0
735,14.799999999999999
737,13.5
740,14.799999999999999
741,12.1
742,12.4
745,13.0
750,20.9
755,17.599999999999998
757,22.5
758,29.7
759,31.2
760,18.2
761,15.0
762,12.7
767,11.600000000000001
770,19.3
772,19.1
773,35.199999999999996
774,11.1
781,14.6
782,22.5
784,16.2
785,35.199999999999996
787,18.9
788,20.9
790,10.2
791,9.6
792,15.0
793,18.7
795,15.5
801,14.6
802,11.799999999999999
803,17.9
804,16.5
806,28.4
807,15.4
810,15.299999999999999
811,26.0
813,18.3
814,29.2
816,18.9
817,22.7
822,11.1
825,13.4
826,16.1
827,16.5
833,17.0
836,22.6
837,10.0
838,14.799999999999999
841,17.4
847,16.3
849,28.7
852,22.3
855,10.7
856,12.4
857,16.400000000000002
858,12.6
860,9.4
861,18.8
862,10.9
865,13.900000000000002
866,18.0
868,6.3
870,6.1
871,15.1
874,20.4
877,18.4
880,6.0
882,14.899999999999999
883,14.899999999999999
884,7.6
886,25.0
889,17.8
892,24.8
894,44.3
895,11.200000000000001
899,21.7
901,11.799999999999999
902,11.899999999999999
903,22.1
904,12.0
906,18.8
907,15.2
908,20.599999999999998
909,28.799999999999997
910,18.3
911,28.299999999999997
912,12.0
913,28.299999999999997
915,34.4
917,6.800000000000001
918,25.5
919,33.7
920,15.9
922,23.599999999999998
923,34.8
925,14.6
926,12.4
927,9.8
929,27.900000000000002
933,14.000000000000002
935,15.8
938,15.4
940,12.0
942,11.899999999999999
944,12.1
945,7.9
946,16.8
947,22.400000000000002
950,32.1
951,7.7
952,19.6
955,4.6
958,27.0
959,25.5
960,19.1
962,19.5
963,24.3
964,13.600000000000001
965,17.7
968,12.4
969,10.4
971,13.4
974,16.6
975,12.7
984,33.0
985,13.700000000000001
987,35.4
990,10.5
991,13.4
995,21.099999999999998
996,7.1
997,16.3
998,13.4
1001,12.2
1002,17.4
1004,14.299999999999999
1006,12.8
1009,18.7
1010,15.9
1012,19.0
1014,10.4
1015,9.8
1016,31.6
1017,10.4
1018,27.3
1019,5.0
1021,12.5
1022,13.900000000000002
1023,14.499999999999998
1024,13.5
1027,11.4
1029,26.3
1030,25.7
1033,21.6
1034,7.8
1035,23.599999999999998
1038,15.6
1039,14.799999999999999
1040,23.7
1041,12.9
1046,18.8
1049,28.599999999999998
1050,19.7
1051,24.4
1061,20.5
1062,17.2
1063,30.099999999999998
1066,18.3
1069,12.4
1074,14.000000000000002
1077,11.799999999999999
1080,10.8
1081,10.299999999999999
1082,18.6
1083,10.299999999999999
1084,47.4
1086,6.7
1087,38.4
1091,15.5
1096,19.5
1097,35.3
1099,8.9
1103,20.0
1104,34.8
1105,20.1
1108,11.1
1109,29.7
1111,13.600000000000001
1112,16.2
1113,29.9
1115,16.5
1116,20.599999999999998
1117,22.900000000000002
1119,12.3
1120,18.6
1122,25.2
1126,16.400000000000002
1127,5.6000000000000005
1128,24.5
1130,17.0
1131,18.2
1133,10.7
1141,16.1
1142,39.900000000000006
1145,24.099999999999998
1149,21.2
1150,16.6
1151,7.9
1154,15.5
1155,12.7
1156,14.000000000000002
1157,17.2
1158,8.9
1160,11.600000000000001
1161,11.899999999999999
1162,34.5
1163,5.0
1167,10.8
1169,11.200000000000001
1173,7.6
1174,22.7
1175,17.9
1176,25.1
1180,28.799999999999997
1181,31.6
1182,19.1
1184,20.5
1185,19.400000000000002
1186,22.7
1187,12.3
1188,15.9
1189,12.2
1190,13.0
1191,24.3
1192,19.8
1197,14.299999999999999
1198,10.2
1200,23.400000000000002
1201,19.7
1202,14.000000000000002
1203,20.4
1204,12.2
1206,21.4
1209,42.1
1211,7.9
1212,9.700000000000001
1213,24.5
1215,13.700000000000001
1216,12.3
1219,17.9
1223,9.6
1225,14.6
1226,10.7
1228,18.9
1231,8.799999999999999
1233,25.6
1234,24.6
1238,20.200000000000003
1239,17.1
1242,28.4
1243,14.799999999999999
1245,11.3
1247,14.2
1248,13.900000000000002
1249,15.5
1250,18.7
1251,20.8
1253,19.8
1254,7.7
1255,20.7
1256,10.9
1259,15.6
1261,11.1
1262,4.5
1263,11.1
1266,8.9
1268,27.500000000000004
1271,8.799999999999999
1277,17.299999999999997
1278,19.900000000000002
1282,13.5
1283,16.8
1284,17.5
1285,14.099999999999998
1288,19.6
1294,13.5
1298,15.9
1299,19.2
1303,12.8
1304,11.799999999999999
1307,13.600000000000001
1308,4.9
1309,10.5
1311,11.799999999999999
1312,15.299999999999999
1314,19.5
1319,10.6
1320,11.799999999999999
1322,19.8
1323,14.799999999999999
1325,14.899999999999999
1328,12.8
1329,11.3
1331,26.700000000000003
1333,25.7
1334,25.7
1335,12.9
1336,24.5
1338,12.3
1340,19.1
1343,14.799999999999999
1344,21.7
1345,10.7
1346,18.8
1349,18.9
1353,17.7
1357,21.6
1358,14.499999999999998
1360,9.1
1362,27.800000000000004
1363,11.0
1369,16.8
1370,10.4
1371,13.200000000000001
1373,28.1
1374,16.3
1375,6.9
1379,12.1
1382,14.899999999999999
1384,15.0
1385,14.2
1386,21.8
1390,12.2
1391,16.2
1392,15.9
1394,12.5
1397,10.5
1399,21.3
1404,16.400000000000002
1406,31.7
1408,5.0
1410,23.599999999999998
1412,14.099999999999998
1413,16.400000000000002
1418,11.4
1419,21.9
1420,18.3
1421,12.5
1422,24.099999999999998
1424,4.8
1427,15.0
1430,14.899999999999999
1431,24.4
1442,9.3
1443,11.0
1444,14.499999999999998
1445,16.6
1447,10.5
1449,15.2
1451,17.9
1456,10.2
1457,17.1
1460,21.5
1462,14.6
1463,10.5
1465,8.1
1467,25.6
1468,25.0
1469,40.400000000000006
1470,38.1
1473,11.799999999999999
1475,7.199999999999999
1480,23.9
1481,18.2
1484,8.1
1485,28.1
1486,27.1
1487,23.5
1488,19.6
1492,17.1
1493,7.000000000000001
1494,34.2
1497,11.0
1499,32.5
1500,18.5
1502,14.7
1503,20.5
1505,20.1
1507,22.1
1508,14.000000000000002
1509,16.2
1510,35.3
1512,10.2
1514,18.4
1516,9.3
1517,6.800000000000001
1518,24.2
1520,8.9
1521,14.299999999999999
1524,9.3
1527,9.700000000000001
1528,21.6
1529,11.700000000000001
1530,19.1
1532,23.799999999999997
1534,20.200000000000003
1536,8.4
1538,12.4
1539,24.2
1540,13.600000000000001
1541,20.5
1542,7.000000000000001
1543,11.1
1544,17.599999999999998
1545,14.000000000000002
1547,15.0
1549,10.6
1550,9.4
1553,32.5
1556,16.7
1560,18.5
1561,13.0
1564,30.2
1565,19.1
1566,23.9
1567,24.4
1569,10.100000000000001
1572,12.0
1576,21.099999999999998
1577,23.400000000000002
1579,10.0
1581,9.1
1582,18.4
1583,11.799999999999999
1585,10.9
1587,11.700000000000001
1588,11.4
1589,26.1
1592,8.7
1593,15.5
1594,13.100000000000001
1599,14.299999999999999
1600,16.2
1602,13.200000000000001
1604,15.8
1606,15.0
1607,28.299999999999997
1610,12.6
1612,15.6
1614,15.4
1616,18.9
1621,17.9
1622,4.6
1629,10.9
1631,15.8
1636,12.9
1637,13.900000000000002
1638,43.7
1640,18.099999999999998
1642,20.9
1643,23.0
1647,34.300000000000004
1651,12.8
1653,10.0
1656,14.799999999999999
1657,23.1
1659,25.8
1661,9.4
1662,17.8
1664,17.299999999999997
1665,5.8999999999999995
1666,11.0
1667,15.4
1668,20.1
1674,17.0
1675,13.4
1676,19.900000000000002
1677,24.6
1678,19.7
1679,23.200000000000003
1681,18.0
1688,17.0
1694,17.5
1695,7.3
1696,14.000000000000002
1697,18.4
1699,9.9
1701,25.8
1703,15.2
1705,6.4
1706,10.2
1707,13.3
1710,18.5
1712,31.0
1714,32.7
1717,15.299999999999999
1719,11.600000000000001
1720,17.1
1723,10.6
1724,13.100000000000001
1725,13.100000000000001
1728,17.4
1729,11.4
1730,17.0
1731,16.5
1732,13.4
1733,16.6
1736,17.4
1737,13.3
1738,15.4
1744,7.3999999999999995
1746,23.200000000000003
1747,16.3
1749,23.0
1752,12.6
1760,13.700000000000001
1761,30.4
1762,12.9
1763,16.900000000000002
1766,15.2
1767,11.4
1768,9.6
1770,15.0
1771,21.6
1774,12.3
1778,29.2
1779,12.7
1781,26.400000000000002
1782,17.1
1785,24.9
1786,9.700000000000001
1788,21.7
1789,11.200000000000001
1791,9.1
1792,10.8
1793,25.1
1800,10.8
1801,13.900000000000002
1802,45.800000000000004
1803,23.3
1804,12.8
1807,10.4
1809,11.1
1811,9.3
1812,15.7
1816,14.399999999999999
1817,7.7
1818,21.7
1819,18.3
1820,12.7
1821,27.1
1822,14.399999999999999
1823,16.1
1826,20.5
1827,18.9
1829,20.3
1833,18.6
1835,13.700000000000001
1836,13.8
1838,13.900000000000002
1839,16.400000000000002
1841,18.3
1842,17.599999999999998
1843,31.6
1847,16.1
1850,24.9
1852,18.9
1853,21.4
1854,23.9
1857,9.5
1858,17.2
1861,19.1
1862,18.9
1864,16.1
1866,19.900000000000002
1867,11.1
1868,8.0
1869,5.0
1870,18.0
1872,19.5
1873,26.900000000000002
1874,7.9
1875,26.8
1876,15.8
1877,14.000000000000002
1878,19.8
1881,15.0
1882,12.9
1883,10.7
1884,22.2
1885,44.5
1887,16.2
1889,15.1
1890,12.9
1895,31.1
1897,13.700000000000001
1898,16.5
1899,16.8
1900,28.9
1901,19.6
1903,26.3
1905,28.000000000000004
1907,33.1
1908,17.2
1909,8.1
1911,8.4
1912,12.9
1913,11.0
1916,9.9
1920,14.799999999999999
1921,11.700000000000001
1931,21.9
1932,12.3
1937,5.6000000000000005
1938,8.799999999999999
1941,23.799999999999997
1942,16.0
1943,7.3999999999999995
1947,25.3
1948,12.3
1949,25.6
1951,40.0
1954,13.200000000000001
1959,23.0
1960,13.3
1961,10.100000000000001
1962,12.4
1964,10.2
1965,13.0
1966,38.800000000000004
1967,22.900000000000002
1969,14.799999999999999
1971,19.900000000000002
1973,27.700000000000003
1974,23.1
1975,9.8
1976,15.6
1979,17.599999999999998
1980,24.0
1981,15.9
1985,17.2
1986,37.8
1987,17.9
1988,24.8
1989,16.2
1990,16.2
1991,38.4
1993,21.5
1997,9.9
1999,6.800000000000001
2000,11.4
2004,10.7
2006,13.200000000000001
2007,18.4
2008,11.1
2009,22.900000000000002
2010,24.099999999999998
2014,20.3
2018,14.000000000000002
2025,17.5
2027,10.0
2028,21.7
2032,21.5
2033,24.3
2035,25.2
2036,6.9
2037,12.1
2039,14.299999999999999
2040,9.6
2042,15.5
2047,21.6
2055,11.4
2057,12.6
2060,9.1
2065,12.7
2066,21.8
2068,14.6
2074,12.7
2076,40.8
2077,14.000000000000002
2079,12.0
2080,47.0
2083,12.9
2087,11.200000000000001
2088,12.5
2090,14.299999999999999
2091,6.6000000000000005
2094,13.200000000000001
2096,12.9
2101,11.899999999999999
2105,13.3
2108,19.1
2117,19.3
2119,9.4
2121,10.299999999999999
2122,10.8
2124,20.5
2125,17.1
2126,15.4
2127,13.600000000000001
2132,9.0
2133,25.0
2135,38.1
2137,18.8
2138,4.9
2141,24.3
2144,16.8
2145,25.1
2146,17.4
2147,11.200000000000001
2150,8.1
2153,8.6
2157,20.7
2158,38.7
2161,24.8
2162,15.2
2165,17.2
2167,18.6
2168,7.3999999999999995
2169,29.7
2176,10.2
2179,13.4
2182,11.0
2183,10.8
2184,18.9
2186,10.5
2187,15.5
2188,17.2
2189,15.1
2190,16.400000000000002
2195,4.5
2196,13.600000000000001
2199,13.4
2200,16.0
2206,14.899999999999999
2210,14.799999999999999
2211,39.0
2212,12.2
2213,24.7
2216,13.4
2218,22.400000000000002
2220,20.3
2227,27.900000000000002
2231,12.4
2232,22.7
2234,12.0
2235,23.599999999999998
2236,7.9
2238,25.1
2240,13.3
2242,33.0
2243,22.1
2245,13.4
2246,12.2
2249,16.900000000000002
2254,14.499999999999998
2256,15.5
2257,12.9
2258,16.8
2261,18.8
2262,26.200000000000003
2263,17.0
2266,9.700000000000001
2269,31.7
2271,11.1
2278,19.7
2283,16.2
2284,20.8
2286,15.5
2287,16.1
2289,17.599999999999998
2290,16.5
2293,22.900000000000002
2297,13.5
2298,9.700000000000001
2300,11.600000000000001
2303,20.200000000000003
2304,16.7
2305,12.7
2306,16.8
2313,8.9
2315,18.2
2317,16.7
2319,25.7
2321,24.2
2322,12.6
2323,9.0
2324,12.5
2328,18.7
2329,16.5
2330,19.6
2331,17.1
2333,30.3
2334,23.5
2335,8.4
2336,12.4
2338,6.2
2340,11.5
2341,23.799999999999997
2343,22.1
2346,10.299999999999999
2347,14.000000000000002
2348,8.6
2350,13.100000000000001
2351,18.3
2353,17.299999999999997
2354,15.5
2360,13.700000000000001
2361,24.8
2362,15.8
2363,8.9
2367,7.6
2369,24.8
2372,8.0
2377,14.000000000000002
2378,19.7
2379,19.1
2383,10.100000000000001
2386,12.2
2387,21.7
2394,13.100000000000001
2404,30.2
2407,15.7
2408,17.7
2410,14.299999999999999
2415,8.799999999999999
2417,11.1
2418,21.9
2422,14.899999999999999
2427,10.9
2430,22.7
2431,19.400000000000002
2436,14.099999999999998
2438,31.0
2441,16.0
2442,11.600000000000001
2444,13.5
2445,23.799999999999997
2446,43.3
2448,13.600000000000001
2449,10.0
2453,12.9
2455,16.900000000000002
2457,17.2
2458,10.8
2459,12.5
2468,24.0
2471,8.4
2472,9.700000000000001
2473,8.4
2474,20.4
2475,27.900000000000002
2476,12.3
2479,19.6
2481,19.400000000000002
2482,11.0
2483,11.899999999999999
2485,15.2
2494,14.299999999999999
2496,12.8
2498,10.4
2499,19.7
2502,14.7
2503,14.7
2504,11.799999999999999
2505,12.9
2506,30.5
2507,13.3
2508,17.2
2509,14.799999999999999
2512,23.599999999999998
2514,19.2
2515,23.5
2516,15.0
2517,14.499999999999998
2518,20.3
2519,7.000000000000001
2521,21.6
2525,23.7
2527,16.8
2529,15.1
2532,10.9
2533,34.5
2534,14.000000000000002
2535,8.3
2537,24.5
2538,20.200000000000003
2539,15.9
2540,10.7
2543,11.799999999999999
2545,11.799999999999999
2548,10.6
2550,18.2
2557,19.7
2558,11.3
2560,17.9
2561,9.3
2563,16.8
2564,19.400000000000002
2566,9.1
2567,9.3
2569,27.800000000000004
2570,4.6
2571,24.4
2573,5.8999999999999995
2575,19.0
2576,8.6
2579,20.3
2582,17.4
2583,9.4
2586,18.2
2587,15.2
2589,12.9
2590,12.2
2591,13.700000000000001
2592,22.900000000000002
2593,13.3
2594,20.0
2596,14.899999999999999
2599,8.5
2600,12.7
2602,12.6
2603,25.5
2604,42.4
2605,21.0
2606,15.8
2609,19.1
2610,9.9
2611,17.0
2615,13.600000000000001
2617,18.2
2618,5.2
2620,19.3
2621,7.5
2622,10.2
2625,14.099999999999998
2626,10.4
2627,11.3
2631,13.0
2632,9.700000000000001
2633,17.1
2638,23.599999999999998
2639,13.4
2642,17.4
2643,24.0
2644,15.4
2647,26.5
2648,14.399999999999999
2650,23.9
2651,13.600000000000001
2652,6.7
2655,11.3
2656,16.5
2658,20.200000000000003
2662,29.599999999999998
2666,12.0
2671,17.1
2674,19.6
2675,17.0
2679,23.400000000000002
2681,18.0
2682,11.600000000000001
2684,16.7
2688,24.5
2691,16.400000000000002
2692,8.1
2693,17.7
2694,12.7
2701,9.2
2704,8.5
2706,7.3
2709,11.899999999999999
2712,12.0
2714,7.1
2716,12.8
2718,17.8
2721,12.6
2722,12.9
2723,17.599999999999998
2724,17.9
2725,22.5
2726,13.4
2727,15.2
2728,12.1
2731,9.4
2733,7.6
2734,12.2
2735,13.3
2736,15.6
2737,17.5
2741,9.8
2743,16.400000000000002
2744,9.8
2746,17.5
2747,19.900000000000002
2748,14.499999999999998
2752,20.5
2756,9.9
2762,17.4
2763,11.600000000000001
2765,19.5
2766,9.9
2770,17.0
2772,14.799999999999999
2773,11.200000000000001
2775,9.6
2776,15.6
2780,4.6
2783,7.5
2784,23.0
2785,20.0
2786,14.899999999999999
2787,26.200000000000003
2789,11.700000000000001
2791,12.4
2792,17.599999999999998
2793,19.400000000000002
2798,8.6
2799,11.600000000000001
2801,11.4
2805,19.5
2807,19.0
2809,17.1
2810,12.3
2812,5.7
2813,25.5
2815,21.5
2816,37.6
2817,10.5
2819,12.5
2820,9.0
2821,11.200000000000001
2822,15.5
2828,19.6
2829,11.3
2833,19.0
2838,14.499999999999998
2840,12.7
2844,12.3
2845,21.5
2846,8.6
2848,16.400000000000002
2850,16.7
2852,25.2
2853,32.1
2855,17.2
2856,17.299999999999997
2858,24.4
2859,33.1
2861,27.3
2865,18.0
2866,7.199999999999999
2868,18.8
2871,12.0
2872,32.800000000000004
2873,10.100000000000001
2875,11.3
2876,19.400000000000002
2878,8.6
2879,5.800000000000001
2880,14.2
2881,15.9
2882,10.4
2883,11.5
2884,10.8
2885,15.5
2886,24.8
2887,20.599999999999998
2888,19.1
2889,19.7
2891,16.8
2892,33.300000000000004
2893,12.7
2894,14.7
2896,18.099999999999998
2897,23.400000000000002
2898,27.500000000000004
2902,26.200000000000003
2906,11.0
2907,17.9
2909,15.6
2912,11.899999999999999
2913,16.3
2917,28.9
2919,12.7
2923,13.0
2924,10.299999999999999
2927,18.2
2928,22.8
2929,12.3
2932,16.8
2933,16.400000000000002
2934,20.1
2935,11.5
2936,16.0
2939,21.099999999999998
2941,13.4
2942,19.0
2943,18.6
2944,10.6
2945,36.7
2946,10.100000000000001
2947,10.5
2948,22.5
2956,17.8
2957,7.3999999999999995
2959,19.400000000000002
2960,13.100000000000001
2962,18.8
2964,14.099999999999998
2966,17.0
2967,14.899999999999999
2972,24.3
2974,22.5
2975,9.6
2977,12.4
2979,4.7
2981,14.499999999999998
2986,30.099999999999998
2987,13.100000000000001
2988,26.3
2990,20.0
2992,15.6
2993,16.7
2998,11.899999999999999
2999,11.1
3001,24.6
3002,17.599999999999998
3003,16.400000000000002
3006,18.3
3008,28.1
3009,15.5
3010,15.1
3011,16.6
3013,26.3
3015,10.6
3023,15.9
3024,9.8
3028,22.8
3032,16.0
3033,23.7
3038,12.5
3039,23.1
3041,9.700000000000001
3042,17.5
3043,25.3
3046,21.5
3047,20.3
3050,14.099999999999998
3051,19.8
3053,15.8
3057,9.9
3059,22.2
3060,21.5
3061,21.3
3063,9.700000000000001
3066,12.2
3067,7.9
3069,16.7
3070,22.6
3071,21.3
3072,11.4
3073,10.8
3075,19.1
3076,14.299999999999999
3078,10.9
3079,23.0
3081,12.5
3082,22.900000000000002
3085,13.600000000000001
3088,21.099999999999998
3090,12.2
3091,14.2
3093,10.100000000000001
3095,18.2
3096,22.1
3098,18.9
3099,16.900000000000002
3103,19.7
3104,26.900000000000002
3106,12.7
3107,16.400000000000002
3108,11.799999999999999
3112,17.0
3115,25.4
3119,10.6
3120,25.3
3121,19.8
3122,12.2
3123,16.400000000000002
3125,10.8
3128,9.5
3129,21.4
3130,15.1
3131,17.7
3139,23.3
3141,12.0
3143,12.1
3144,12.3
3146,17.0
3147,17.7
3148,11.899999999999999
3149,9.6
3151,3.3000000000000003
3159,34.5
3161,21.2
3162,28.499999999999996
3165,13.0
3166,23.599999999999998
3168,9.4
3169,9.8
3175,26.6
3176,11.600000000000001
3177,15.8
3178,24.0
3179,19.0
3181,19.400000000000002
3190,11.200000000000001
3193,14.099999999999998
3197,29.099999999999998
3198,19.3
3199,12.0
3200,9.9
3201,25.7
3202,14.499999999999998
3204,16.2
3211,14.299999999999999
3212,17.2
3215,7.9
3216,13.700000000000001
3218,22.8
3219,16.3
3220,23.7
3224,18.2
3225,11.1
3226,18.4
3230,21.3
3233,23.799999999999997
3235,22.8
3238,12.0
3239,17.9
3240,22.6
3241,14.299999999999999
3242,11.899999999999999
3243,13.900000000000002
3244,12.1
3245,16.1
3246,25.4
3247,12.7
3248,10.2
3252,17.299999999999997
3253,24.6
3254,16.1
3256,16.3
3257,29.599999999999998
3259,16.400000000000002
3261,20.200000000000003
3263,14.7
3264,25.7
3266,15.5
3268,9.0
3269,17.4
3270,17.299999999999997
3273,14.299999999999999
3276,14.6
3279,12.2
3280,22.5
3281,21.2
3282,11.200000000000001
3285,15.1
3286,19.1
3287,22.8
3288,12.9
3289,13.600000000000001
3290,15.299999999999999
3291,25.0
3293,15.299999999999999
3295,21.5
3296,20.1
3297,16.5
3301,14.299999999999999
3304,25.5
3305,9.5
3306,14.799999999999999
3307,17.2
3308,29.299999999999997
3310,28.1
3315,10.8
3316,16.0
3317,12.1
3318,18.2
3319,11.200000000000001
3320,8.799999999999999
3321,12.3
3322,21.7
3323,12.1
3324,7.6
3325,18.9
3326,10.9
3328,39.900000000000006
3330,23.7
3332,13.5
3335,12.2
3336,15.2
3339,14.799999999999999
3340,20.8
3342,15.2
3345,10.2
3347,32.0
3348,10.5
3349,8.7
3350,19.1
3358,10.9
3359,9.700000000000001
3361,5.4
3364,16.400000000000002
3365,10.299999999999999
3366,16.5
3368,14.099999999999998
3369,11.799999999999999
3370,18.099999999999998
3371,15.9
3372,8.0
3379,17.7
3382,18.099999999999998
3383,21.3
3385,10.9
3386,18.2
3390,14.299999999999999
3391,9.9
3397,17.599999999999998
3400,12.5
3401,15.6
3402,12.1
3407,19.900000000000002
3408,21.8
3412,15.5
3415,22.3
3416,25.8
3419,14.499999999999998
3422,13.100000000000001
3423,18.2
3425,28.7
3428,15.9
3431,25.7
3433,9.4
3434,13.8
3435,16.2
3439,14.799999999999999
3442,26.5
3444,14.2
3446,16.3
3447,19.1
3449,16.6
3450,34.300000000000004
3451,18.9
3453,12.9
3454,16.8
3455,19.6
3456,20.5
3460,26.0
3461,15.8
3466,22.400000000000002
3467,16.6
3468,20.3
3469,8.4
3470,16.1
3474,12.8
3475,24.099999999999998
3476,22.7
3477,12.3
3478,12.8
3480,11.200000000000001
3481,8.4
3486,9.1
3488,8.4
3489,15.299999999999999
3490,22.0
3491,17.7
3492,8.4
3497,14.499999999999998
3498,7.6
3499,12.1
3500,20.5
3501,19.3
3502,18.5
3503,27.800000000000004
3505,12.7
3506,11.899999999999999
3507,32.6
3510,17.4
3511,14.799999999999999
3512,12.6
3513,13.8
3515,11.200000000000001
3516,11.5
3517,22.7
3518,9.3
3519,34.8
3523,17.599999999999998
3524,17.5
3527,18.6
3529,8.9
3530,13.600000000000001
3532,26.700000000000003
3535,23.200000000000003
3536,14.099999999999998
3537,13.0
3538,23.200000000000003
3540,11.700000000000001
3541,10.9
3543,18.6
3544,12.4
3545,15.2
3546,18.6
3547,25.4
3548,10.299999999999999
3549,36.199999999999996
3550,16.7
3554,15.2
3556,16.7
3557,23.599999999999998
3559,21.9
3560,14.2
3562,17.5
3564,24.5
3565,9.1
3566,18.3
3568,13.3
3571,29.5
3575,24.0
3576,14.799999999999999
3582,8.6
3585,21.099999999999998
3586,10.5
3588,17.4
3589,23.400000000000002
3590,11.700000000000001
3591,26.0
3592,26.5
3593,23.5
3594,10.4
3598,11.700000000000001
3602,24.4
3604,15.0
3605,14.299999999999999
3607,11.5
3620,12.6
3623,19.3
3624,16.2
3625,5.6000000000000005
3626,19.5
3627,14.6
3629,10.100000000000001
3630,20.599999999999998
3632,24.3
3634,20.8
3635,18.9
3637,19.3
3638,9.2
3639,20.9
3643,13.600000000000001
3647,18.9
3650,12.7
3651,15.8
3652,13.900000000000002
3653,15.5
3654,9.700000000000001
3655,25.0
3657,13.3
3658,29.5
3660,7.7
3663,18.7
3667,8.4
3669,18.8
3671,11.0
3672,21.0
3673,19.5
3674,11.200000000000001
3676,20.9
3679,14.2
3684,24.2
3686,16.1
3687,8.4
3688,14.299999999999999
3690,16.2
3691,10.0
3695,18.099999999999998
3697,16.2
3701,22.5
3702,18.2
3705,21.5
3706,6.6000000000000005
3707,17.599999999999998
3713,24.9
3714,21.2
3719,27.400000000000002
3720,20.9
3723,12.3
3725,14.499999999999998
3729,19.8
3733,18.7
3734,17.0
3735,8.5
3736,18.4
3739,11.4
3740,14.099999999999998
3741,14.299999999999999
3743,20.8
3745,15.8
3746,14.000000000000002
3748,21.2
3750,14.399999999999999
3754,11.1
3755,10.9
3756,12.2
3757,10.100000000000001
3760,29.9
3761,25.3
3763,28.1
3765,9.3
3767,13.700000000000001
3770,23.599999999999998
3772,19.6
3773,30.2
3774,18.3
3775,9.0
3777,10.7
3779,14.099999999999998
3780,20.3
3781,19.2
3786,24.5
3789,10.299999999999999
3790,10.6
3791,19.6
3792,18.099999999999998
3793,23.3
3796,9.700000000000001
3799,19.3
3801,19.900000000000002
3802,26.0
3803,13.3
3804,15.299999999999999
3805,33.1
3806,19.3
3808,18.8
3809,11.1
3810,19.2
3812,16.900000000000002
3813,15.2
3817,23.1
3818,10.8
3820,10.4
3822,23.799999999999997
3823,13.600000000000001
3827,13.600000000000001
3830,18.6
3831,24.2
3834,9.700000000000001
3835,16.5
3836,24.5
3842,34.5
3851,13.5
3853,18.8
3854,16.400000000000002
3855,24.7
3856,13.8
3859,18.4
3863,21.0
3865,6.4
3866,17.4
3868,5.8999999999999995
3870,15.6
3873,12.1
3874,13.100000000000001
3876,18.8
3878,10.5
3879,17.599999999999998
3880,14.499999999999998
3885,14.799999999999999
3887,13.600000000000001
3888,17.599999999999998
3889,10.9
3891,11.3
3892,25.7
3897,14.2
3900,15.9
3901,15.7
3904,9.8
3906,8.9
3907,9.9
3913,10.4
3914,21.7
3917,10.4
3919,19.7
3922,15.1
3923,14.000000000000002
3925,15.299999999999999
3929,6.3
3932,17.299999999999997
3934,17.8
3935,18.7
3936,8.3
3937,25.3
3939,13.5
3940,13.0
3942,10.7
3944,9.5
3946,14.099999999999998
3947,18.6
3949,22.5
3953,11.899999999999999
3955,10.299999999999999
3957,30.599999999999998
3959,13.0
3962,10.6
3965,4.9
3966,10.4
3968,17.5
3970,16.8
3971,16.1
3972,28.000000000000004
3973,14.099999999999998
3981,10.8
3983,17.2
3985,26.3
3986,15.2
3987,17.1
3991,15.8
3992,21.8
3993,15.299999999999999
3996,17.7
3997,19.400000000000002
3999,24.2
4000,11.0
4001,17.2
4005,16.1
4010,14.299999999999999
4012,22.1
4013,21.2
4014,18.7
4017,18.6
4019,18.4
4020,23.0
4021,26.0
4023,10.100000000000001
4024,26.5
4026,17.8
4032,24.0
4033,11.0
4034,8.3
4036,10.6
4039,19.7
4043,14.099999999999998
4046,11.600000000000001
4048,18.5
4049,19.400000000000002
4050,9.6
4052,8.200000000000001
4053,12.5
4054,4.9
4060,20.3
4061,24.7
4062,6.9
4063,7.3
4064,25.2
4065,19.900000000000002
4066,23.3
4067,16.900000000000002
4068,9.3
4069,19.3
4071,13.600000000000001
4072,5.6000000000000005
4073,32.1
4076,39.7
4079,7.1
4080,10.0
4081,11.5
4083,13.3
4086,27.1
4088,18.4
4089,9.2
4091,12.8
4094,10.2
4095,9.9
4097,20.5
4098,13.8
4101,15.0
4105,6.7
4108,14.499999999999998
4109,21.3
4110,18.6
4113,20.4
4116,21.7
4117,14.2
4118,13.4
4119,15.5
4120,16.2
4122,21.4
4125,22.900000000000002
4129,14.2
4131,22.3
4132,20.8
4134,13.8
4138,10.7
4141,20.7
4142,6.7
4143,37.8
4147,14.7
4148,11.700000000000001
4151,10.299999999999999
4152,15.9
4158,22.7
4159,13.900000000000002
4160,11.600000000000001
4161,22.5
4168,13.600000000000001
4170,17.599999999999998
4171,43.9
4177,15.1
4180,14.899999999999999
4182,7.7
4183,46.1
4185,6.800000000000001
4188,10.100000000000001
4189,18.4
4191,19.7
4193,13.100000000000001
4194,20.3
4196,20.5
4197,15.6
4198,17.5
4199,33.7
4200,10.299999999999999
4201,12.0
4202,21.8
4203,6.1
4205,13.700000000000001
4209,14.399999999999999
4210,11.700000000000001
4211,17.2
4214,7.3
4215,7.5
4217,24.2
4218,29.799999999999997
4220,32.7
4221,20.200000000000003
4227,28.000000000000004
4230,16.3
4231,22.2
4234,14.899999999999999
4235,17.299999999999997
4236,10.2
4237,12.5
4242,14.099999999999998
4249,18.5
4250,17.2
4251,27.200000000000003
4253,10.8
4256,19.400000000000002
4257,22.0
4259,12.1
4260,9.700000000000001
4261,17.2
4264,5.5
4266,8.799999999999999
4267,9.6
4268,39.6
4269,13.900000000000002
4270,24.0
4271,24.3
4273,22.2
4279,19.3
4280,11.899999999999999
4283,17.5
4284,22.400000000000002
4287,16.900000000000002
4288,23.400000000000002
4289,12.2
4290,9.6
4291,11.899999999999999
4294,19.1
4295,17.9
4299,24.6
4300,19.900000000000002
4301,23.200000000000003
4303,8.3
4307,16.2
4308,14.399999999999999
4313,10.8
4316,8.9
4317,11.0
4319,16.3
4320,14.799999999999999
4321,20.4
4322,11.899999999999999
4323,17.299999999999997
4326,9.700000000000001
4330,14.7
4331,18.0
4332,24.0
4334,16.0
4335,13.8
4338,27.800000000000004
4339,16.900000000000002
4342,15.9
4343,17.1
4344,20.3
4345,34.0
4349,7.199999999999999
4351,12.4
4353,14.7
4355,35.099999999999994
4356,21.9
4357,13.0
4359,7.199999999999999
4361,14.499999999999998
4364,14.7
4365,20.7
4366,14.299999999999999
4368,22.5
4369,18.5
4370,19.7
4375,14.7
4378,10.5
4379,15.2
4380,12.1
4383,9.3
4384,19.6
4387,11.200000000000001
4388,11.799999999999999
4393,22.7
4396,12.6
4397,11.200000000000001
4399,13.0
4401,23.5
4402,20.599999999999998
4403,23.1
4404,29.799999999999997
4405,42.699999999999996
4407,11.899999999999999
4411,21.2
4412,21.5
4415,9.4
4416,15.2
4419,17.4
4421,27.900000000000002
4423,18.3
4426,7.5
4428,19.1
4429,15.1
4431,7.3
4432,23.3
4434,21.4
4437,16.5
4440,16.8
4441,8.4
4443,7.6
4444,25.6
4445,10.9
4446,10.2
4448,15.0
4449,22.1
4451,10.5
4452,11.0
4453,10.4
4455,10.2
4456,15.8
4457,22.8
4458,17.0
4459,8.7
4460,9.5
4466,17.7
4468,16.1
4470,9.8
4473,13.200000000000001
4476,10.8
4478,12.8
4480,10.0
4481,19.5
4484,18.099999999999998
4485,18.099999999999998
4489,10.4
4490,39.7
4491,12.5
4493,16.7
4494,10.299999999999999
4497,24.0
4502,20.1
4503,13.100000000000001
4504,15.299999999999999
4505,35.099999999999994
4506,19.5
4508,17.4
4510,14.099999999999998
4511,15.2
4516,12.4
4518,9.8
4519,6.7
4520,28.000000000000004
4523,10.4
4525,20.1
4527,11.0
4529,13.5
4531,16.6
4533,19.7
4534,10.5
4535,24.4
4537,25.2
4539,12.1
4540,39.6
4544,19.3
4545,10.4
4548,22.1
4551,22.1
4554,14.399999999999999
4555,13.700000000000001
4557,10.0
4559,11.700000000000001
4561,9.0
4562,16.5
4564,23.0
4566,14.299999999999999
4569,17.9
4570,17.0
4571,14.2
4572,10.5
4573,9.700000000000001
4574,9.9
4576,18.6
4578,12.5
4579,16.400000000000002
4580,20.1
4583,18.3
4587,12.1
4588,14.099999999999998
4589,16.6
4590,14.6
4592,12.0
4593,13.600000000000001
4595,16.5
4596,25.7
4597,12.9
4598,14.2
4599,11.600000000000001
4601,17.599999999999998
4604,18.4
4608,10.299999999999999
4609,23.400000000000002
4610,14.899999999999999
4611,15.6
4613,10.8
4614,18.4
4615,15.7
4617,23.3
4619,8.4
4620,17.1
4623,15.299999999999999
4624,7.6
4626,12.5
4628,13.0
4629,18.8
4631,18.8
4633,15.2
4636,15.0
4638,14.7
4639,12.0
4640,12.4
4642,14.000000000000002
4645,10.6
4646,14.799999999999999
4647,20.4
4648,15.0
4651,10.8
4652,17.599999999999998
4654,19.3
4655,8.5
4656,41.8
4658,10.6
4660,10.6
4662,5.1
4663,8.200000000000001
4665,13.100000000000001
4666,14.399999999999999
4668,16.5
4670,11.4
4672,9.1
4673,21.7
4674,37.5
4675,20.0
4678,11.600000000000001
4679,8.3
4680,35.4
4681,10.5
4682,25.6
4683,14.899999999999999
4684,11.899999999999999
4685,13.200000000000001
4687,13.200000000000001
4689,19.1
4692,31.0
4693,15.2
4694,10.5
4695,17.7
4696,6.9
4699,18.0
4700,13.100000000000001
4701,11.200000000000001
4703,18.8
4706,33.800000000000004
4708,22.900000000000002
4710,22.1
4712,14.399999999999999
4714,10.8
4715,13.900000000000002
4716,12.4
4717,33.5
4718,14.000000000000002
4720,20.5
4723,13.900000000000002
4724,12.7
4725,12.8
4726,18.0
4729,19.2
4730,28.000000000000004
4731,11.700000000000001
4735,20.7
4736,11.0
4737,16.5
4741,6.3
4742,20.8
4743,12.3
4744,20.7
4745,27.0
4747,4.3
4749,21.5
4750,20.0
4753,11.200000000000001
4756,21.0
4757,15.4
4758,17.5
4759,17.4
4762,23.1
4763,24.7
4764,16.400000000000002
4765,16.2
4771,15.5
4773,16.8
4774,7.6
4777,27.0
4778,7.6
4786,10.8
4787,28.299999999999997
4788,26.5
4789,7.000000000000001
4792,21.5
4793,18.3
4794,23.400000000000002
4795,12.4
4797,17.1
4799,18.099999999999998
4802,15.9
4804,19.8
4805,26.3
4807,19.3
4808,14.799999999999999
4811,24.5
4813,11.700000000000001
4814,9.3
4815,17.0
4816,13.200000000000001
4817,12.4
4819,9.6
4822,21.6
4823,19.3
4826,27.400000000000002
4827,10.0
4828,22.400000000000002
4829,6.7
4833,9.3
4834,20.3
4835,10.9
4837,14.299999999999999
4838,17.2
4840,12.6
4845,23.5
4846,9.1
4847,9.0
4850,15.4
4852,13.5
4853,14.399999999999999
4855,16.5
4858,18.8
4860,7.3999999999999995
4861,13.4
4863,46.300000000000004
4864,9.8
4867,11.4
4869,13.100000000000001
4870,19.8
4872,26.5
4878,7.5
4881,11.899999999999999
4885,19.0
4888,11.5
4889,23.799999999999997
4895,14.299999999999999
4898,19.2
4901,14.2
4902,5.7
4904,13.5
4905,25.4
4906,32.800000000000004
4911,26.3
4915,21.7
4916,16.6
4917,17.5
4918,15.8
4919,18.3
4924,27.400000000000002
4926,10.9
4927,12.5
4928,20.4
4929,23.5
4933,28.000000000000004
4935,23.9
4937,17.9
4940,13.5
4942,18.3
4944,16.0
4948,32.2
4949,17.7
4950,17.299999999999997
4951,29.4
4952,23.7
4954,14.6
4955,33.7
4959,19.0
4960,17.9
4962,23.1
4965,15.8
4966,15.1
4967,13.100000000000001
4970,20.0
4971,23.5
4977,17.599999999999998
4978,15.7
4979,33.900000000000006
4981,19.7
4982,17.1
4984,32.5
4985,13.700000000000001
4986,26.700000000000003
4987,12.6
4988,10.2
4990,27.1
4992,28.000000000000004
4994,18.2
4995,13.600000000000001
4997,12.5
5002,13.700000000000001
5005,15.2
5006,33.800000000000004
5007,24.8
5008,8.6
5009,15.4
5011,17.1
5013,7.9
5016,15.7
5021,17.299999999999997
5022,17.4
5025,10.100000000000001
5026,11.799999999999999
5027,9.8
5031,10.7
5032,15.299999999999999
5036,16.400000000000002
5037,12.3
5039,22.0
5042,26.3
5044,11.3
5046,17.9
5047,12.0
5050,7.3999999999999995
5051,15.5
5055,15.9
5056,17.599999999999998
5057,13.5
5058,23.9
5059,14.099999999999998
5061,15.8
5062,4.6
5063,23.5
5065,13.0
5067,26.1
5068,15.299999999999999
5069,15.7
5072,6.1
5074,20.9
5075,21.4
5076,13.4
5078,17.5
5079,10.100000000000001
5080,11.200000000000001
5082,19.7
5083,17.7
5085,14.2
5089,4.9
5090,13.900000000000002
5092,35.0
5093,14.6
5096,11.899999999999999
5097,14.099999999999998
5100,14.799999999999999
5104,31.1
5106,23.5
5107,24.7
5108,9.700000000000001
5109,5.4
5111,34.2
5112,15.8
5114,15.8
5116,17.4
5118,11.700000000000001
5120,15.1
5121,13.3
5125,19.8
5126,11.5
5127,25.0
5128,9.4
5129,19.5
5130,18.2
5132,9.8
5134,8.200000000000001
5135,16.0
5137,12.6
5139,10.7
5140,7.5
5145,21.9
5146,22.6
5147,19.400000000000002
5148,16.8
5149,34.0
5150,21.0
5154,10.5
5157,20.4
5158,7.000000000000001
5159,27.3
5160,16.0
5164,19.400000000000002
5166,14.299999999999999
5167,16.900000000000002
5168,16.6
5169,20.8
5171,12.1
5173,26.1
5181,20.7
5182,35.3
5183,7.199999999999999
5184,8.200000000000001
5185,13.900000000000002
5189,19.5
5190,18.2
5191,17.0
5192,25.900000000000002
5193,9.2
5194,29.099999999999998
5195,17.599999999999998
5197,26.3
5200,28.999999999999996
5202,35.099999999999994
5203,18.5
5205,16.3
5208,10.5
5211,10.2
5218,13.4
5219,22.6
5222,21.0
5223,17.8
5224,15.299999999999999
5227,11.1
5228,42.9
5229,25.5
5230,7.1
5231,20.7
5237,22.400000000000002
5238,6.6000000000000005
5239,12.7
5241,15.9
5243,19.7
5244,20.1
5245,28.4
5246,18.3
5247,17.299999999999997
5248,15.9
5251,16.8
5253,35.8
5255,11.600000000000001
5256,19.3
5257,20.9
5258,17.9
5260,20.1
5261,10.6
5262,16.1
5266,10.6
5270,10.2
5277,22.1
5279,19.3
5281,7.3
5282,20.1
5283,13.0
5285,14.7
5288,14.499999999999998
5289,14.799999999999999
5290,11.4
5291,20.200000000000003
5292,6.2
5293,15.1
5295,11.1
5296,9.2
5298,8.3
5299,15.6
5301,14.7
5305,13.100000000000001
5306,23.1
5309,12.4
5311,21.2
5313,15.0
5314,11.4
5317,9.3
5320,18.7
5321,7.199999999999999
5324,22.6
5328,18.4
5329,20.7
5330,15.4
5332,9.4
5333,12.9
5334,11.700000000000001
5335,24.9
5336,13.4
5338,24.4
5341,15.4
5343,20.3
5344,20.0
5346,10.2
5347,18.6
5348,13.100000000000001
5353,20.1
5354,19.7
5355,9.4
5356,13.600000000000001
5358,16.5
5373,12.5
5379,28.799999999999997
5381,12.7
5382,15.0
5383,25.1
5384,11.600000000000001
5385,9.9
5386,9.0
5393,10.0
5394,7.8
5397,10.5
5400,23.9
5401,12.7
5402,15.9
5403,13.700000000000001
5404,18.4
5409,12.1
5411,22.1
5413,26.5
5414,16.7
5415,22.2
5416,21.2
5417,13.3
5418,26.0
5419,18.4
5420,21.4
5421,14.299999999999999
5422,26.6
5423,15.2
5424,14.099999999999998
5426,11.0
5427,27.900000000000002
5428,21.5
5436,15.8
5438,14.399999999999999
5439,14.399999999999999
5443,24.3
5444,17.7
5445,38.2
5446,12.1
5447,14.299999999999999
5448,16.5
5451,17.0
5452,16.3
5455,16.900000000000002
5457,16.7
5459,16.2
5461,20.200000000000003
5464,10.4
5467,21.9
5468,18.8
5469,23.7
5471,9.3
5475,11.3
5476,11.799999999999999
5477,19.3
5478,31.8
5479,3.1
5481,12.3
5483,13.3
5485,11.700000000000001
5486,12.8
5487,11.200000000000001
5491,14.899999999999999
5492,8.6
5493,20.0
5501,14.899999999999999
5503,25.2
5505,15.2
5510,14.000000000000002
5511,14.7
5512,28.499999999999996
5514,29.299999999999997
5515,19.6
5519,10.4
5520,17.7
5521,16.6
5522,16.2
5524,15.2
5525,7.3
5528,18.3
5529,18.2
5535,19.400000000000002
5536,22.400000000000002
5537,17.1
5541,18.9
5542,20.4
5545,10.2
5547,9.9
5548,13.4
5552,8.4
5553,37.8
5554,42.1
5557,15.7
5559,23.799999999999997
5561,42.199999999999996
5573,14.099999999999998
5576,14.399999999999999
5577,18.7
5578,11.3
5579,10.6
5580,14.2
5583,12.0
5586,12.9
5589,11.799999999999999
5591,18.6
5592,9.1
5596,8.0
5597,21.0
5598,16.6
5601,43.7
5602,28.000000000000004
5604,13.8
5608,13.0
5611,9.4
5613,12.8
5614,25.3
5616,16.3
5620,19.0
5621,16.6
5624,13.200000000000001
5625,25.6
5632,20.9
5634,14.499999999999998
5635,11.3
5637,21.0
5640,25.3
5641,11.0
5642,12.9
5643,8.9
5646,15.1
5648,24.2
5649,29.099999999999998
5651,6.0
5652,9.1
5656,23.5
5657,21.8
5658,17.1
5659,32.300000000000004
5661,11.0
5662,19.6
5663,17.2
5664,27.6
5666,21.7
5667,9.4
5669,14.499999999999998
5670,5.7
5674,18.8
5675,26.0
5676,11.3
5679,8.3
5682,12.3
5683,24.6
5684,9.4
5685,21.7
5686,13.5
5687,13.600000000000001
5688,15.4
5689,14.799999999999999
5692,33.4
5694,11.5
5696,17.299999999999997
5697,10.7
5703,20.0
5704,10.8
5705,8.799999999999999
5706,17.4
5707,32.1
5709,16.7
5710,15.299999999999999
5711,12.9
5714,14.000000000000002
5715,7.3999999999999995
5718,18.8
5719,15.1
5723,10.299999999999999
5725,8.9
5727,10.0
5728,24.7
5730,19.7
5733,14.099999999999998
5734,18.6
5735,10.7
5736,9.1
5737,28.4
5738,14.2
5741,21.6
5743,12.1
5744,10.8
5747,21.8
5748,21.3
5749,26.8
5750,11.3
5753,28.4
5754,6.6000000000000005
5755,24.4
5759,23.9
5760,23.7
5765,15.2
5766,28.999999999999996
5767,9.8
5769,14.899999999999999
5771,17.9
5772,15.4
5773,10.5
5775,26.8
5777,8.3
5780,10.2
5781,16.1
5783,13.600000000000001
5785,11.899999999999999
5786,12.6
5787,40.9
5789,17.8
5790,25.900000000000002
5794,7.199999999999999
5800,17.4
5801,9.8
5803,39.0
5805,18.6
5806,8.7
5808,20.200000000000003
5809,14.399999999999999
5810,20.7
5811,12.5
5814,11.200000000000001
5816,17.299999999999997
5817,31.6
5818,15.8
5821,19.1
5825,22.0
5826,14.7
5827,21.6
5829,19.3
5831,14.799999999999999
5833,24.3
5835,14.6
5841,17.599999999999998
5842,10.7
5843,21.099999999999998
5844,27.0
5845,20.4
5846,19.400000000000002
5847,20.0
5849,15.2
5852,24.7
5853,9.8
5855,16.7
5856,10.2
5860,8.9
5861,21.9
5864,7.5
5866,14.399999999999999
5867,14.899999999999999
5868,13.8
5869,20.1
5870,21.6
5871,17.1
5872,24.099999999999998
5874,12.1
5876,16.7
5879,14.7
5880,12.5
5881,15.6
5883,18.099999999999998
5885,11.200000000000001
5888,28.9
5889,9.0
5891,11.4
5892,12.3
5893,22.7
5894,10.2
5895,7.9
5897,11.4
5898,17.299999999999997
5899,13.3
5902,21.8
5905,8.9
5907,30.9
5908,23.1
5913,13.200000000000001
5915,19.400000000000002
5919,18.6
5921,21.4
5923,11.1
5924,19.0
5925,21.7
5932,8.5
5937,22.6
5938,13.8
5939,9.8
5941,24.0
5943,14.2
5946,10.299999999999999
5949,10.2
5954,9.0
5958,16.0
5959,16.3
5961,11.799999999999999
5963,18.9
5964,24.0
5965,14.299999999999999
5966,17.0
5967,15.0
5968,18.5
5969,19.5
5970,28.000000000000004
5971,16.7
5973,4.0
5977,11.4
5978,22.8
5979,22.5
5980,11.3
5981,10.5
5983,18.7
5986,11.899999999999999
5988,18.3
5992,18.3
5993,16.0
5995,21.7
5998,15.2
5999,7.9
6001,7.9
6003,13.700000000000001
6005,20.3
6008,12.4
6011,9.5
6012,14.7
6013,16.5
6017,13.100000000000001
6018,8.799999999999999
6024,20.1
6026,16.900000000000002
6028,25.8
6031,20.3
6032,13.700000000000001
6033,16.5
6037,30.2
6038,19.1
6039,11.200000000000001
6041,24.5
6042,15.0
6043,11.799999999999999
6046,19.3
6048,20.599999999999998
6050,21.4
6052,20.4
6053,15.7
6056,13.8
6057,19.7
6058,12.9
6059,18.8
6060,10.4
6064,9.1
6066,15.299999999999999
6067,10.7
6069,30.8
6073,20.9
6075,7.6
6076,19.400000000000002
6077,14.6
6078,11.0
6079,24.5
6080,14.099999999999998
6085,12.3
6086,19.6
6089,35.0
6092,12.5
6094,16.5
6096,21.6
6097,5.5
6098,10.7
6099,18.4
6100,19.5
6101,14.899999999999999
6102,15.299999999999999
6108,22.0
6112,11.700000000000001
6116,11.5
6117,22.8
6118,9.2
6121,10.0
6122,16.8
6124,33.6
6126,18.9
6127,9.0
6129,12.8
6130,15.299999999999999
6132,9.3
6133,12.9
6134,18.6
6138,12.2
6139,17.8
6140,12.9
6141,9.8
6143,11.200000000000001
6146,15.9
6147,16.3
6148,17.7
6149,15.9
6150,14.499999999999998
6152,11.899999999999999
6153,14.299999999999999
6160,10.2
6162,9.8
6164,22.8
6165,16.900000000000002
6167,16.8
6171,7.9
6177,12.7
6178,18.3
6179,19.6
6180,19.0
6183,13.200000000000001
6190,14.299999999999999
6191,11.899999999999999
6194,10.2
6196,19.6
6197,7.9
6198,16.2
6199,13.600000000000001
6200,14.499999999999998
6201,17.1
6202,9.9
6204,16.7
6206,23.0
6208,17.2
6209,19.900000000000002
6211,20.599999999999998
6215,8.200000000000001
6218,9.3
6221,11.3
6222,15.5
6223,16.8
6224,13.3
6225,20.1
6226,12.2
6228,14.499999999999998
6230,22.0
6235,19.400000000000002
6236,30.3
6240,12.4
6243,15.2
6244,18.9
6245,17.599999999999998
6246,20.8
6247,17.9
6250,13.200000000000001
6251,15.5
6252,9.8
6253,9.3
6254,10.5
6256,24.099999999999998
6257,13.3
6259,13.4
6260,12.2
6261,13.4
6264,13.700000000000001
6265,13.700000000000001
6267,18.6
6268,11.5
6269,22.400000000000002
6270,24.8
6273,31.6
6275,12.1
6276,14.099999999999998
6277,15.1
